{
    "servers": [
        {
            "name": "vani.ovh",
            "url": "https://vani.ovh/nginx_status",
            "protection_type": "Medium",
            "difficulty": 5
        },
        {
            "name": "BOWLAN",
            "url": "https://firewall.bowlan.xyz/nginx_status",
            "protection_type": "bowlan",
            "difficulty": 6
        },
        {
            "name": "DDOS-GUARD",
            "url": "https://zetvideo.net/nginx_status",
            "protection_type": "DDoS-Guard",
            "difficulty": 6
        }
    ]
}